{"entities":{"pages":{"starter":{"id":"starter","title":"Learn C++","url":"starter.html","level":0,"tabIndex":0},"qwmre2_3":{"id":"qwmre2_3","title":"Intro","level":0,"pages":["Dicas - Boas Praticas","Indrodução C++"],"tabIndex":1},"Dicas - Boas Praticas":{"id":"Dicas - Boas Praticas","title":"Guia de Melhores Práticas em C++","url":"dicas-boas-praticas.html","level":1,"parentId":"qwmre2_3","tabIndex":0},"Indrodução C++":{"id":"Indrodução C++","title":"História e Desenvolvimento do C++","url":"indrodução-c.html","level":1,"parentId":"qwmre2_3","tabIndex":1},"Programa-Básico":{"id":"Programa-Básico","title":"Estrutura Básica de um Programa em C++","url":"programa-básico.html","level":0,"tabIndex":2},"Variaveis":{"id":"Variaveis","title":"Variáveis em C++","url":"variaveis.html","level":0,"tabIndex":3},"Constantes":{"id":"Constantes","title":"Constantes e Declaração Múltipla de Variáveis em C++","url":"constantes.html","level":0,"tabIndex":4}}},"topLevelIds":["starter","qwmre2_3","Programa-Básico","Variaveis","Constantes"]}